Region,Soil_Type,Crop,Rainfall_mm,Temperature_Celsius,Fertilizer_Used,Irrigation_Used,Weather_Condition,Days_to_Harvest,Yield_tons_per_hectare
West,Sandy,Cotton,897.0772391,27.67696637,FALSE,TRUE,Cloudy,122,6.555816258
South,Clay,Rice,992.6732816,18.02614225,TRUE,TRUE,Rainy,140,8.527340906
North,Loam,Barley,147.9980253,29.79404242,FALSE,FALSE,Sunny,106,1.127443336
North,Sandy,Soybean,986.8663313,16.64419019,FALSE,TRUE,Rainy,146,6.517572508
South,Silt,Wheat,730.3791744,31.62068737,TRUE,TRUE,Cloudy,110,7.248251218
South,Silt,Soybean,797.4711824,37.70497447,FALSE,TRUE,Rainy,74,5.898416312
West,Clay,Wheat,357.9023572,31.59343139,FALSE,FALSE,Rainy,90,2.652391665
South,Sandy,Rice,441.1311536,30.887107,TRUE,TRUE,Sunny,61,5.829542349
North,Silt,Wheat,181.5878606,26.75272858,TRUE,FALSE,Sunny,127,2.943716457
West,Sandy,Wheat,395.0489683,17.64619896,FALSE,TRUE,Rainy,140,3.707293127
North,Peaty,Wheat,385.1353145,21.65619173,FALSE,FALSE,Sunny,73,2.56444246
East,Sandy,Cotton,145.3006808,19.75553499,TRUE,TRUE,Cloudy,141,4.367612094
South,Peaty,Cotton,607.150252,15.5621633,TRUE,TRUE,Sunny,136,6.52518616
East,Clay,Barley,929.1237352,29.67730314,FALSE,TRUE,Rainy,134,6.493030752
North,Peaty,Barley,621.7783877,26.84317298,TRUE,FALSE,Rainy,77,4.573219248
East,Chalky,Rice,874.4567441,27.25686896,TRUE,FALSE,Sunny,115,5.839291311
East,Peaty,Wheat,787.0843057,25.67291966,FALSE,FALSE,Cloudy,68,4.36688061
North,Clay,Cotton,416.8986316,23.19081003,TRUE,TRUE,Sunny,95,4.85892438
North,Sandy,Barley,977.2590831,17.60409957,FALSE,TRUE,Sunny,93,5.778099045
South,Clay,Maize,888.2076303,39.94550938,TRUE,FALSE,Rainy,76,7.173036677
East,Clay,Cotton,990.267439,24.07205187,FALSE,TRUE,Sunny,110,6.187396154
West,Loam,Barley,183.9396984,34.22792305,TRUE,FALSE,Cloudy,99,3.017923632
West,Clay,Rice,935.8027653,20.88777425,TRUE,TRUE,Rainy,71,7.756962285
North,Loam,Wheat,824.4399399,29.84743199,FALSE,FALSE,Sunny,100,4.551048007
North,Peaty,Cotton,480.3051868,35.46198556,FALSE,FALSE,Rainy,121,2.939337928
East,Chalky,Maize,170.8144562,29.11637668,FALSE,TRUE,Sunny,133,2.332254904
North,Clay,Wheat,615.3492037,27.7556319,TRUE,FALSE,Rainy,142,4.876587312
West,Silt,Barley,334.7285763,31.13704658,TRUE,TRUE,Sunny,140,4.459294447
South,Silt,Maize,259.4181251,17.26189246,FALSE,FALSE,Sunny,110,2.338540521
South,Loam,Wheat,786.7701031,23.19937137,TRUE,TRUE,Rainy,123,6.93758935
East,Silt,Maize,609.7987642,38.26585114,TRUE,FALSE,Cloudy,127,5.113587741
South,Silt,Rice,476.6827789,29.34104312,TRUE,TRUE,Sunny,67,6.407034489
North,Clay,Wheat,356.8231001,36.5777972,TRUE,FALSE,Cloudy,130,4.007912822
North,Loam,Soybean,600.1997541,20.93536015,TRUE,FALSE,Sunny,75,4.898180753
North,Loam,Rice,180.7203767,18.21203323,FALSE,FALSE,Rainy,83,0.801898157
North,Sandy,Barley,475.7819349,22.94625368,FALSE,FALSE,Rainy,94,3.607496381
East,Clay,Maize,599.8754927,19.90929232,TRUE,FALSE,Cloudy,63,4.696425465
South,Peaty,Cotton,492.5633865,17.20915031,FALSE,TRUE,Cloudy,86,5.627777991
West,Silt,Cotton,841.5627151,17.57187667,TRUE,TRUE,Sunny,98,6.748042937
South,Clay,Barley,808.9816113,36.13054343,TRUE,FALSE,Cloudy,66,6.314786278
North,Peaty,Barley,138.9384998,31.61116417,TRUE,FALSE,Cloudy,139,2.368321659
West,Peaty,Rice,805.701203,29.20012383,TRUE,FALSE,Sunny,145,6.344585381
East,Peaty,Rice,634.1900146,38.45166407,FALSE,FALSE,Sunny,127,4.166930902
North,Silt,Wheat,167.4043561,28.10838919,FALSE,TRUE,Rainy,148,2.968063048
North,Chalky,Cotton,396.9834216,35.0006104,FALSE,TRUE,Sunny,132,4.237604656
West,Silt,Wheat,680.1422119,34.48425673,TRUE,FALSE,Rainy,109,5.984756044
East,Peaty,Barley,844.7742639,30.4937156,FALSE,TRUE,Rainy,142,5.681246362
West,Clay,Rice,801.9406398,28.7622216,FALSE,TRUE,Sunny,124,5.349548891
East,Loam,Maize,695.208413,23.73628527,TRUE,FALSE,Cloudy,139,5.901756682
North,Sandy,Cotton,802.6352974,35.4128459,TRUE,FALSE,Sunny,82,6.654949454
South,Peaty,Rice,378.5520396,38.14194758,TRUE,FALSE,Cloudy,64,4.663436154
North,Clay,Maize,318.0130098,37.38296491,FALSE,TRUE,Rainy,121,4.127029291
South,Loam,Cotton,652.3472833,39.1556963,FALSE,TRUE,Rainy,76,5.493174197
South,Clay,Barley,765.6877927,26.56508717,FALSE,FALSE,Sunny,98,4.762386743
East,Loam,Cotton,617.932319,15.90807448,FALSE,FALSE,Sunny,96,3.968481044
West,Sandy,Maize,224.0687116,38.18668321,FALSE,TRUE,Rainy,132,2.49077655
East,Silt,Rice,896.1353251,30.20211088,FALSE,TRUE,Sunny,131,6.345791482
North,Sandy,Wheat,435.2542293,25.49630625,FALSE,TRUE,Sunny,74,3.190074146
West,Sandy,Soybean,408.219312,21.85221469,FALSE,TRUE,Cloudy,133,4.881093692
South,Chalky,Wheat,960.7875535,15.48704498,FALSE,TRUE,Rainy,132,6.41193074
South,Loam,Rice,965.5279313,19.58387748,FALSE,TRUE,Rainy,92,5.818199697
North,Clay,Maize,348.1310175,37.17467501,TRUE,TRUE,Cloudy,148,5.020292175
West,Loam,Wheat,624.7140209,29.02005232,TRUE,TRUE,Cloudy,145,6.800510487
North,Sandy,Maize,191.1180835,19.54906185,TRUE,FALSE,Cloudy,75,2.13298555
North,Peaty,Cotton,262.9502473,36.93758409,FALSE,TRUE,Sunny,142,3.052371341
East,Peaty,Wheat,724.2630196,27.94708306,FALSE,TRUE,Cloudy,126,5.76206333
North,Chalky,Soybean,997.4083973,16.18883857,TRUE,FALSE,Sunny,139,7.541110605
West,Chalky,Maize,932.5674367,38.30178913,TRUE,FALSE,Rainy,61,5.977477297
North,Clay,Rice,504.3644611,28.89317987,FALSE,TRUE,Cloudy,118,5.074729825
West,Silt,Rice,124.4697966,20.63052475,FALSE,FALSE,Sunny,72,0.805512749
South,Clay,Maize,977.621748,23.76682167,TRUE,TRUE,Sunny,66,7.81158144
North,Peaty,Rice,588.3827165,26.17204271,FALSE,TRUE,Sunny,70,5.236127092
West,Sandy,Soybean,758.6771872,34.31660367,FALSE,FALSE,Rainy,138,4.19602278
South,Clay,Soybean,601.4213463,30.23439558,TRUE,TRUE,Sunny,80,6.383980843
West,Chalky,Maize,257.0681167,18.54140994,TRUE,FALSE,Rainy,103,3.319474067
South,Chalky,Wheat,153.6887358,25.96182924,TRUE,TRUE,Rainy,60,3.306620714
East,Clay,Cotton,620.6111221,29.6172742,TRUE,TRUE,Cloudy,108,6.480058976
North,Peaty,Soybean,928.1585501,35.36808678,FALSE,TRUE,Rainy,137,6.563130381
North,Loam,Wheat,405.7389043,17.46057977,TRUE,FALSE,Rainy,145,4.263799479
South,Peaty,Wheat,252.823624,17.146998,FALSE,FALSE,Sunny,76,0.616611523
East,Peaty,Cotton,325.2218346,24.87562646,TRUE,TRUE,Cloudy,111,5.420033156
West,Silt,Rice,623.7363082,23.31057588,FALSE,TRUE,Sunny,83,4.981891152
East,Sandy,Soybean,462.374318,25.77452626,FALSE,TRUE,Rainy,147,4.604917893
West,Silt,Maize,903.7819488,20.59656506,FALSE,FALSE,Cloudy,128,5.846681798
West,Clay,Barley,175.0386516,23.82745293,TRUE,TRUE,Sunny,89,3.134432137
North,Sandy,Soybean,469.6878461,24.2628872,FALSE,TRUE,Cloudy,146,5.095932565
South,Peaty,Barley,300.3141572,17.57781819,FALSE,TRUE,Sunny,125,1.755992515
North,Loam,Barley,254.9676836,27.06616028,TRUE,TRUE,Sunny,62,5.598945217
North,Sandy,Rice,352.9073702,19.17940396,TRUE,FALSE,Sunny,145,3.619624822
North,Silt,Wheat,154.8523687,36.82693036,FALSE,TRUE,Rainy,90,3.14551411
West,Chalky,Barley,806.5720295,20.81661268,FALSE,TRUE,Cloudy,96,5.653412008
North,Clay,Wheat,153.0168034,26.79696697,FALSE,FALSE,Rainy,69,1.224502431
West,Clay,Barley,309.267305,27.08393492,TRUE,TRUE,Cloudy,88,5.5784995
South,Sandy,Soybean,115.9697619,15.11048629,TRUE,FALSE,Cloudy,102,2.332762546
West,Loam,Wheat,569.9408717,27.55667834,FALSE,TRUE,Sunny,124,4.240602465
West,Sandy,Maize,874.9747777,33.22486926,TRUE,TRUE,Sunny,132,7.657631965
East,Loam,Wheat,768.7936109,30.91000164,FALSE,FALSE,Cloudy,89,4.562419624
North,Loam,Wheat,564.0187603,39.56973317,FALSE,FALSE,Cloudy,149,4.026689435
North,Sandy,Maize,432.4027528,26.29321813,TRUE,FALSE,Cloudy,78,3.631689271
North,Sandy,Maize,607.0083551,35.30531204,FALSE,FALSE,Rainy,73,3.626501342
North,Peaty,Rice,876.1770056,20.89020223,TRUE,FALSE,Sunny,148,5.934911999
East,Peaty,Soybean,759.4729271,25.20865069,FALSE,TRUE,Sunny,61,4.836727029
East,Silt,Maize,207.9256707,34.01824557,FALSE,TRUE,Cloudy,145,3.001758995
East,Loam,Rice,153.9277206,27.111641,TRUE,TRUE,Sunny,149,3.513220355
East,Chalky,Wheat,293.3722635,16.81147059,TRUE,FALSE,Sunny,123,3.482536596
North,Peaty,Maize,532.7259782,39.492362,FALSE,FALSE,Rainy,96,3.517322553
West,Chalky,Maize,457.9632768,26.39824881,TRUE,TRUE,Sunny,109,5.168214962
South,Clay,Cotton,544.4364898,31.79751229,FALSE,FALSE,Rainy,70,2.994190947
East,Chalky,Barley,604.5851306,36.91617628,TRUE,FALSE,Sunny,131,5.54609658
West,Clay,Wheat,133.1893411,27.79840098,TRUE,FALSE,Rainy,147,2.465217641
East,Peaty,Soybean,600.28357,39.67114581,FALSE,TRUE,Sunny,125,4.631429377
North,Clay,Soybean,408.6791918,31.61257335,FALSE,FALSE,Rainy,95,3.050042091
North,Loam,Wheat,769.7255412,24.89414114,TRUE,FALSE,Cloudy,111,6.1174877
West,Silt,Rice,992.5621553,36.14068672,FALSE,TRUE,Sunny,83,7.414459291
West,Sandy,Cotton,937.3220437,26.21135513,TRUE,TRUE,Cloudy,67,7.66237209
West,Chalky,Wheat,438.3809948,28.87887305,TRUE,TRUE,Sunny,114,5.303775382
North,Clay,Barley,613.5724767,17.79916462,FALSE,FALSE,Cloudy,90,3.684148245
North,Peaty,Barley,783.1492075,25.00899116,FALSE,FALSE,Cloudy,68,4.806494806
South,Loam,Rice,965.0346664,29.70896332,TRUE,FALSE,Cloudy,74,5.727636882
West,Silt,Rice,650.211304,21.36375184,TRUE,FALSE,Sunny,82,4.746040737
South,Chalky,Barley,266.0016257,15.38429894,FALSE,FALSE,Cloudy,106,2.37455308
East,Peaty,Maize,825.8191756,33.6649605,FALSE,TRUE,Cloudy,116,6.732700266
South,Sandy,Maize,858.4998401,23.35944287,FALSE,FALSE,Sunny,136,3.953928978
East,Loam,Soybean,269.2364778,26.23879876,TRUE,FALSE,Rainy,95,3.608762807
East,Chalky,Maize,861.7907437,19.94429823,TRUE,TRUE,Cloudy,134,7.696239337
South,Silt,Maize,590.005968,18.31698309,TRUE,TRUE,Sunny,74,5.471494658
West,Silt,Barley,947.867478,21.47318399,TRUE,TRUE,Cloudy,65,8.503708245
East,Silt,Soybean,633.4764319,32.35147777,TRUE,TRUE,Sunny,109,7.414892517
West,Silt,Maize,946.6788966,35.04469112,FALSE,TRUE,Sunny,74,7.306644784
North,Clay,Wheat,849.2031918,15.30713094,FALSE,FALSE,Rainy,96,4.593409046
East,Clay,Soybean,731.1846783,31.72812393,TRUE,FALSE,Cloudy,94,6.209837983
North,Chalky,Soybean,805.3101629,38.18831316,TRUE,TRUE,Cloudy,123,6.70886773
South,Chalky,Wheat,712.2092165,25.61938131,FALSE,FALSE,Cloudy,134,3.37181084
West,Silt,Barley,811.6552749,19.78123523,TRUE,FALSE,Cloudy,114,5.326367101
South,Sandy,Barley,838.8717355,21.33565957,TRUE,FALSE,Rainy,109,5.617218386
East,Peaty,Rice,158.6346299,36.61073214,TRUE,TRUE,Cloudy,99,4.935669713
North,Clay,Barley,135.0177594,24.28726989,FALSE,FALSE,Sunny,109,1.875927515
East,Sandy,Maize,321.3157766,33.78888399,FALSE,FALSE,Sunny,126,2.180200453
South,Chalky,Cotton,839.9070348,29.18128239,FALSE,FALSE,Cloudy,66,4.565680056
West,Peaty,Maize,563.8130192,33.53199116,TRUE,FALSE,Sunny,65,4.082637517
West,Loam,Soybean,444.4091392,26.67258731,TRUE,TRUE,Sunny,131,5.933361635
East,Silt,Barley,391.6132743,19.05013946,TRUE,TRUE,Rainy,88,5.745190905
East,Silt,Cotton,453.5661757,33.67200645,TRUE,TRUE,Cloudy,125,5.879831821
North,Chalky,Wheat,994.1766654,39.90684891,FALSE,FALSE,Sunny,96,6.261172496
South,Loam,Cotton,142.1800404,15.68390751,FALSE,FALSE,Cloudy,136,0.96214144
East,Loam,Cotton,327.9157865,23.47247,FALSE,FALSE,Sunny,138,2.529802608
North,Clay,Wheat,529.2489666,23.77628238,FALSE,TRUE,Rainy,146,3.82814631
East,Peaty,Barley,291.2199488,38.11796479,TRUE,TRUE,Cloudy,76,5.45032215
West,Silt,Soybean,851.2003411,29.53903432,FALSE,FALSE,Sunny,103,4.802372767
North,Chalky,Barley,502.7918059,29.52905452,TRUE,TRUE,Cloudy,146,5.376372194
North,Silt,Barley,351.595999,29.35629879,TRUE,FALSE,Cloudy,71,4.205169079
East,Sandy,Rice,863.7539839,22.0810869,TRUE,TRUE,Cloudy,63,8.153903514
South,Clay,Rice,165.9624509,18.93290305,TRUE,TRUE,Sunny,66,3.864733393
West,Peaty,Cotton,757.5746563,31.83286612,FALSE,TRUE,Rainy,75,5.862490243
South,Loam,Cotton,275.0273811,38.8671577,TRUE,FALSE,Rainy,103,3.486220783
North,Chalky,Cotton,194.2144101,36.77543892,FALSE,TRUE,Cloudy,147,2.779076645
South,Chalky,Wheat,540.5550044,22.87657201,TRUE,FALSE,Cloudy,146,4.503199972
North,Peaty,Cotton,774.2851873,17.42170041,FALSE,FALSE,Sunny,136,4.172643892
South,Loam,Wheat,481.4800194,19.74381695,TRUE,FALSE,Rainy,103,4.003218037
East,Loam,Wheat,885.4575689,34.17791722,TRUE,FALSE,Cloudy,131,7.234193608
South,Loam,Barley,419.0895784,25.37666417,TRUE,FALSE,Rainy,87,4.359173152
North,Peaty,Soybean,745.154172,28.86812372,TRUE,TRUE,Sunny,110,7.475424661
West,Chalky,Maize,613.9858959,33.1895547,FALSE,TRUE,Sunny,107,5.316916368
West,Loam,Soybean,425.5755659,16.6654316,FALSE,TRUE,Sunny,69,3.591913278
West,Sandy,Soybean,867.6209554,15.94968256,TRUE,FALSE,Cloudy,119,5.612783641
North,Clay,Barley,699.2670891,29.68763074,FALSE,TRUE,Cloudy,107,4.971329826
South,Silt,Barley,906.3365437,33.20784126,TRUE,FALSE,Cloudy,108,6.845069978
West,Peaty,Wheat,352.1426627,36.30635186,TRUE,FALSE,Sunny,61,4.047509749
West,Sandy,Cotton,230.3248595,38.42474953,TRUE,TRUE,Rainy,76,4.233171914
West,Chalky,Cotton,860.828087,29.34551923,FALSE,FALSE,Rainy,138,5.27392663
East,Peaty,Soybean,367.6189356,19.44790774,TRUE,TRUE,Rainy,84,5.123790793
North,Chalky,Soybean,696.3488051,19.20383782,FALSE,TRUE,Sunny,146,4.703738326
North,Chalky,Wheat,575.2878552,23.23553936,TRUE,FALSE,Cloudy,67,5.058686789
North,Chalky,Maize,897.1034542,27.77201805,FALSE,FALSE,Sunny,84,5.094292734
North,Clay,Soybean,272.0505746,35.03691355,TRUE,TRUE,Rainy,118,4.641245126
North,Loam,Maize,422.594227,27.79641795,TRUE,FALSE,Rainy,83,4.107177644
East,Peaty,Barley,770.1576218,27.71433069,FALSE,TRUE,Rainy,99,5.250441163
South,Silt,Barley,843.5080749,34.08150915,FALSE,FALSE,Sunny,138,4.45344342
East,Peaty,Maize,445.0093807,39.67694038,FALSE,FALSE,Cloudy,105,2.778746191
West,Peaty,Rice,396.6124076,25.55290755,FALSE,FALSE,Cloudy,127,2.248345812
East,Peaty,Wheat,419.6524662,19.11218674,TRUE,TRUE,Sunny,69,5.387089196
North,Peaty,Wheat,280.8603734,25.77595228,FALSE,FALSE,Sunny,65,2.058094572
East,Silt,Barley,201.7660396,34.91045218,FALSE,TRUE,Cloudy,99,3.078361629
North,Loam,Rice,693.8977748,28.13080174,TRUE,TRUE,Cloudy,146,6.863986846
East,Sandy,Barley,487.4796251,29.45833037,TRUE,FALSE,Sunny,144,3.034154764
North,Chalky,Cotton,908.6074198,34.09469701,FALSE,FALSE,Sunny,78,4.636439152
West,Clay,Wheat,107.5587022,27.42997034,FALSE,FALSE,Sunny,138,1.151053058
North,Loam,Barley,200.6454017,24.99752958,TRUE,FALSE,Sunny,116,3.054292762
East,Silt,Maize,610.2624745,37.31458936,TRUE,TRUE,Sunny,95,6.737278095
West,Loam,Barley,419.3219468,20.46718284,TRUE,FALSE,Sunny,97,3.603087146
East,Silt,Maize,900.3110977,33.87532257,TRUE,TRUE,Sunny,86,8.114759984
West,Clay,Soybean,900.7338409,32.53272624,FALSE,TRUE,Rainy,111,6.425243097
South,Silt,Maize,467.5449619,19.32941184,FALSE,TRUE,Sunny,113,3.390424351
South,Loam,Soybean,876.7465424,16.6765997,TRUE,FALSE,Rainy,147,6.042947463
South,Sandy,Maize,716.3336741,21.96898375,TRUE,TRUE,Cloudy,100,6.785676344
East,Loam,Cotton,472.2079711,35.49372702,TRUE,FALSE,Cloudy,86,3.462109463
East,Clay,Barley,459.3699017,18.61276117,FALSE,FALSE,Cloudy,143,2.549248136
West,Chalky,Maize,417.7844833,36.9623925,TRUE,FALSE,Rainy,137,4.506707799
West,Silt,Cotton,328.6553856,37.70816483,TRUE,FALSE,Cloudy,71,2.995576526
West,Silt,Rice,613.3057934,28.60557775,TRUE,FALSE,Sunny,105,4.674308895
West,Peaty,Cotton,600.5133541,34.06403927,TRUE,TRUE,Cloudy,61,5.833724043
North,Loam,Maize,734.9436401,17.78008484,TRUE,FALSE,Sunny,132,4.823147342
South,Peaty,Rice,469.2216028,17.82877749,TRUE,TRUE,Cloudy,99,4.453816572
North,Peaty,Maize,866.193901,37.32512898,TRUE,FALSE,Cloudy,111,5.782292119
North,Loam,Cotton,655.1526983,28.95549393,FALSE,FALSE,Cloudy,114,4.065556123
North,Chalky,Soybean,835.0323108,32.78484152,FALSE,FALSE,Rainy,117,5.000829499
North,Loam,Rice,524.9867222,22.25950041,TRUE,TRUE,Sunny,107,5.160104636
South,Peaty,Rice,168.4832997,17.98558075,TRUE,FALSE,Rainy,60,2.55959623
North,Chalky,Cotton,955.236483,28.20614749,TRUE,FALSE,Sunny,80,6.363851005
West,Silt,Wheat,754.791294,29.46051237,FALSE,FALSE,Rainy,98,3.932438351
East,Sandy,Rice,331.9366966,28.89085767,FALSE,TRUE,Cloudy,71,3.827378716
West,Loam,Wheat,957.3445032,19.52483091,TRUE,TRUE,Rainy,63,7.980998252
East,Loam,Cotton,583.1918987,25.10666316,FALSE,TRUE,Rainy,113,4.499057565
West,Sandy,Wheat,258.9458802,31.20086052,FALSE,FALSE,Sunny,67,1.758334875
West,Loam,Soybean,441.4867639,18.15251881,TRUE,FALSE,Rainy,76,3.754276438
East,Silt,Barley,635.632549,28.41228085,FALSE,FALSE,Cloudy,90,4.642737932
South,Sandy,Barley,686.281663,31.93846342,FALSE,TRUE,Cloudy,83,4.734659683
North,Peaty,Maize,365.1492454,32.25378182,TRUE,TRUE,Cloudy,127,4.138587417
West,Sandy,Rice,638.5281345,38.92871641,FALSE,TRUE,Cloudy,87,4.605927268
South,Peaty,Soybean,166.9016788,23.06572406,FALSE,FALSE,Sunny,77,1.323224297
North,Silt,Maize,482.8455055,22.00179352,FALSE,FALSE,Sunny,93,2.768247046
South,Clay,Wheat,531.2565045,32.61803657,FALSE,FALSE,Cloudy,134,2.847506314
South,Peaty,Cotton,398.8005212,37.33910578,FALSE,FALSE,Rainy,131,2.383556459
North,Sandy,Rice,550.0733489,15.54339861,TRUE,FALSE,Rainy,95,4.268646789
West,Loam,Rice,714.3206179,19.33008064,FALSE,TRUE,Sunny,87,6.310833681
South,Loam,Rice,228.620149,36.03057452,TRUE,TRUE,Sunny,124,4.250598833
West,Peaty,Soybean,811.157804,19.94653469,TRUE,TRUE,Cloudy,116,7.138815425
West,Peaty,Maize,546.4365753,37.53667878,TRUE,TRUE,Rainy,74,6.716028784
West,Sandy,Maize,629.9654839,17.91267569,TRUE,FALSE,Sunny,140,5.343244277
North,Silt,Soybean,415.9623753,23.79621885,FALSE,TRUE,Sunny,89,4.084015431
East,Clay,Soybean,827.977618,23.75879959,TRUE,FALSE,Rainy,105,6.233795656
West,Loam,Barley,104.2084861,15.06643444,TRUE,TRUE,Cloudy,77,3.695861827
East,Chalky,Soybean,106.9572451,28.58141325,FALSE,TRUE,Cloudy,79,1.756855535
East,Loam,Cotton,928.7468117,17.54081344,FALSE,TRUE,Sunny,140,6.558437415
South,Silt,Soybean,710.3668631,20.28706451,FALSE,TRUE,Sunny,149,5.784365388
West,Loam,Wheat,857.8176182,34.83133561,FALSE,TRUE,Sunny,132,6.505786413
West,Sandy,Rice,869.6880075,37.80320813,TRUE,FALSE,Cloudy,65,6.755905914
West,Clay,Wheat,137.2497753,39.11489293,TRUE,TRUE,Rainy,68,4.782388619
East,Chalky,Cotton,909.4623265,31.40936791,TRUE,TRUE,Cloudy,108,7.781977055
North,Clay,Rice,108.2408595,39.9887035,FALSE,FALSE,Rainy,141,1.978782144
East,Chalky,Rice,489.6776756,28.4948637,FALSE,FALSE,Cloudy,95,2.905430442
West,Chalky,Maize,348.3353963,37.74767735,FALSE,TRUE,Rainy,107,4.078291721
West,Silt,Maize,357.4849435,18.72323916,TRUE,FALSE,Cloudy,138,4.332045225
West,Silt,Rice,628.8669794,34.66890885,TRUE,TRUE,Sunny,75,6.506470857
East,Loam,Wheat,382.6307213,27.86168413,TRUE,FALSE,Cloudy,90,4.296049273
West,Silt,Wheat,236.9853893,30.05747961,TRUE,TRUE,Cloudy,145,4.803667493
South,Loam,Rice,908.62472,29.72093553,FALSE,TRUE,Cloudy,86,6.012473448
West,Chalky,Maize,783.0419237,36.90043456,FALSE,TRUE,Rainy,92,6.8114052
North,Chalky,Soybean,336.0924372,24.18765021,FALSE,FALSE,Cloudy,117,2.345567189
South,Clay,Barley,598.341201,30.58842992,TRUE,TRUE,Cloudy,117,6.432433543
West,Silt,Cotton,706.8403557,28.81342005,FALSE,TRUE,Sunny,74,6.342770793
South,Silt,Barley,979.4557989,16.63853378,FALSE,FALSE,Cloudy,149,4.990472749
West,Silt,Maize,356.9107804,37.70027735,FALSE,TRUE,Sunny,93,4.374589648
North,Silt,Soybean,893.2481292,15.32394726,FALSE,FALSE,Rainy,101,4.185116692
West,Silt,Wheat,637.9550415,36.53323433,TRUE,TRUE,Cloudy,139,6.979539078
South,Sandy,Cotton,250.5574624,29.90508094,TRUE,TRUE,Sunny,135,3.800336943
North,Loam,Rice,513.4312494,27.56435649,TRUE,FALSE,Rainy,98,4.764588982
East,Loam,Soybean,287.5030289,16.31297386,FALSE,TRUE,Rainy,65,2.850462288
North,Chalky,Wheat,114.5651314,20.79183445,TRUE,TRUE,Rainy,68,4.110830738
North,Clay,Cotton,723.5175938,15.15776658,TRUE,FALSE,Rainy,149,6.074067352
North,Peaty,Rice,946.3750168,21.3120333,TRUE,FALSE,Cloudy,131,5.543451811
South,Sandy,Rice,196.6101639,36.49820155,FALSE,FALSE,Cloudy,77,1.243007296
North,Peaty,Maize,304.9163723,38.50531242,TRUE,FALSE,Cloudy,126,3.979901226
West,Loam,Rice,649.3404973,38.69387525,FALSE,TRUE,Cloudy,73,5.726989626
North,Chalky,Maize,646.9853458,31.22130349,FALSE,FALSE,Cloudy,61,3.674929101
North,Clay,Wheat,358.6172216,18.79298916,TRUE,FALSE,Rainy,76,3.498599968
West,Sandy,Soybean,940.5086294,21.9264538,FALSE,TRUE,Cloudy,80,6.356939522
West,Chalky,Wheat,785.4581326,33.83380795,FALSE,TRUE,Rainy,109,6.447866685
East,Sandy,Barley,904.5084595,39.24377966,TRUE,TRUE,Sunny,64,8.209796225
North,Loam,Rice,343.0011006,16.30234893,FALSE,TRUE,Sunny,95,2.555980441
South,Silt,Cotton,146.7847145,32.93950416,TRUE,FALSE,Cloudy,146,2.695418903
North,Peaty,Wheat,170.1931304,17.87030687,FALSE,TRUE,Cloudy,146,2.727696635
North,Loam,Rice,667.7416142,25.86223198,TRUE,FALSE,Rainy,103,5.103637171
West,Silt,Barley,258.3465148,33.09557269,FALSE,FALSE,Sunny,123,2.668127661
East,Loam,Maize,492.6380553,35.77617859,TRUE,TRUE,Sunny,105,5.767022595
North,Sandy,Rice,130.5032577,26.57114581,FALSE,FALSE,Rainy,109,1.544694344
South,Loam,Rice,798.5162746,31.74023326,TRUE,FALSE,Rainy,138,6.714573745
North,Clay,Soybean,783.9345941,27.50869611,FALSE,TRUE,Cloudy,130,5.395438777
South,Sandy,Cotton,609.9458088,17.76890369,FALSE,FALSE,Sunny,67,3.975883656
West,Peaty,Maize,356.8611001,24.01235722,TRUE,TRUE,Cloudy,86,4.678449651
East,Loam,Barley,466.0562759,29.55821562,TRUE,FALSE,Sunny,139,4.482054548
North,Silt,Rice,917.5202949,28.3943588,FALSE,TRUE,Cloudy,63,6.532143945
East,Silt,Rice,503.8708158,23.42728256,FALSE,FALSE,Sunny,62,3.196079721
North,Peaty,Rice,549.6942454,18.24958473,TRUE,TRUE,Sunny,107,6.067369503
South,Silt,Soybean,525.5906601,31.76194819,FALSE,TRUE,Cloudy,105,4.410918709
East,Sandy,Soybean,404.1745389,32.22615812,FALSE,TRUE,Sunny,100,3.595227818
North,Clay,Soybean,370.3459059,16.79835798,TRUE,FALSE,Cloudy,117,3.302049515
West,Peaty,Maize,930.8668269,38.06038185,TRUE,TRUE,Rainy,61,7.432946374
South,Sandy,Soybean,683.6850774,15.54731064,FALSE,FALSE,Cloudy,143,4.114077836
East,Loam,Soybean,574.3334366,18.66839177,TRUE,FALSE,Sunny,140,3.683715729
North,Silt,Wheat,778.2895563,26.29805674,TRUE,TRUE,Cloudy,131,8.86962346
East,Loam,Cotton,259.3935637,27.61689164,TRUE,FALSE,Sunny,91,2.860960833
North,Sandy,Cotton,504.6403235,24.54514909,FALSE,FALSE,Rainy,86,3.51459729
South,Sandy,Rice,168.0922057,16.4014742,FALSE,TRUE,Sunny,110,2.071648211
West,Clay,Cotton,464.1566981,35.3078824,FALSE,TRUE,Cloudy,127,4.831938083
South,Sandy,Maize,516.9707883,17.45003805,FALSE,TRUE,Sunny,120,4.487272241
East,Clay,Maize,373.3761151,28.10823909,TRUE,TRUE,Cloudy,62,5.122501623
East,Chalky,Rice,550.8610321,22.40777899,TRUE,FALSE,Sunny,65,4.76368663
North,Loam,Cotton,988.2435823,19.40767355,FALSE,TRUE,Cloudy,80,6.3191869
South,Loam,Maize,638.7242531,19.3838728,TRUE,TRUE,Cloudy,87,6.153750811
North,Chalky,Soybean,827.357846,38.70028613,TRUE,TRUE,Cloudy,140,7.409493345
South,Clay,Cotton,183.0344065,27.34615077,TRUE,FALSE,Cloudy,143,2.832201669
East,Silt,Wheat,203.1786774,19.87723833,TRUE,TRUE,Sunny,93,3.777849881
North,Clay,Cotton,152.293987,25.84847436,FALSE,FALSE,Rainy,124,1.352126539
North,Silt,Soybean,460.3599281,23.65671146,TRUE,TRUE,Rainy,146,6.196712997
South,Chalky,Wheat,898.5924703,33.10721992,FALSE,FALSE,Sunny,97,4.81004865
West,Silt,Cotton,240.7843408,21.95247271,FALSE,FALSE,Cloudy,66,0.927276101
South,Peaty,Wheat,683.399499,36.58698785,TRUE,TRUE,Cloudy,76,7.832750081
West,Peaty,Cotton,395.5815539,16.05099783,TRUE,TRUE,Sunny,142,4.843482994
South,Chalky,Rice,675.3471255,30.28394801,FALSE,FALSE,Sunny,96,3.797643573
East,Silt,Barley,375.4737518,36.6797209,FALSE,TRUE,Sunny,101,4.075345751
North,Sandy,Cotton,267.823363,20.09649066,FALSE,TRUE,Rainy,61,3.408026144
South,Loam,Cotton,911.0343993,37.6281716,FALSE,TRUE,Cloudy,96,6.991782851
East,Loam,Rice,787.1044127,28.45956044,TRUE,TRUE,Sunny,85,7.072559805
South,Chalky,Rice,256.5604407,36.83232524,TRUE,TRUE,Sunny,71,4.711290447
North,Peaty,Rice,564.9727199,31.28078016,TRUE,TRUE,Cloudy,132,6.923433857
South,Silt,Rice,885.413279,23.35028993,FALSE,TRUE,Rainy,85,6.725444586
West,Loam,Wheat,610.9806871,15.44926758,TRUE,TRUE,Cloudy,101,5.638344907
North,Silt,Barley,831.9498086,30.09307075,TRUE,FALSE,Rainy,92,5.656059586
West,Loam,Cotton,569.893336,23.46081056,FALSE,TRUE,Sunny,125,3.581165849
East,Silt,Maize,941.5682295,33.35780392,FALSE,TRUE,Sunny,125,6.601630458
East,Silt,Maize,655.7366893,19.42332379,FALSE,FALSE,Sunny,80,3.726503751
South,Chalky,Rice,198.7530265,24.28053974,FALSE,TRUE,Cloudy,137,2.958318999
West,Clay,Soybean,110.1784254,28.07438376,FALSE,TRUE,Rainy,141,2.35057659
West,Chalky,Barley,916.4109697,24.88176154,TRUE,FALSE,Cloudy,146,6.50674972
North,Clay,Wheat,193.7922908,38.88483152,FALSE,TRUE,Cloudy,78,3.358886375
West,Loam,Cotton,308.7037593,16.14708905,FALSE,FALSE,Sunny,78,2.26239336
West,Chalky,Maize,429.2543323,27.27433349,FALSE,FALSE,Rainy,85,2.978861105
North,Sandy,Maize,597.2721477,33.54188299,FALSE,FALSE,Rainy,73,3.836426804
North,Clay,Soybean,154.2860761,31.60905482,FALSE,FALSE,Cloudy,77,0.97939106
West,Chalky,Cotton,720.1120011,36.34658459,TRUE,TRUE,Sunny,134,7.535832142
South,Loam,Soybean,509.3826054,17.25517538,TRUE,FALSE,Rainy,131,5.253103682
North,Silt,Rice,302.5901802,27.78946494,TRUE,TRUE,Sunny,116,4.469444145
North,Sandy,Barley,167.8720421,34.21157893,FALSE,FALSE,Sunny,66,1.612673895
West,Silt,Cotton,696.0989407,35.87493816,FALSE,FALSE,Cloudy,92,5.089442719
West,Peaty,Barley,710.5925118,36.07728163,TRUE,TRUE,Sunny,97,6.264505897
North,Clay,Rice,252.0198735,18.01243883,FALSE,TRUE,Cloudy,86,2.628768667
West,Clay,Soybean,303.6896679,31.36499083,FALSE,FALSE,Rainy,74,2.15487669
North,Chalky,Soybean,107.1591636,30.99115089,FALSE,FALSE,Cloudy,103,1.168124006
South,Loam,Maize,162.8146603,18.09748429,TRUE,FALSE,Sunny,143,3.061469751
South,Sandy,Rice,196.9464637,24.44829135,FALSE,FALSE,Cloudy,110,1.657252664
North,Chalky,Cotton,632.4259511,18.52323467,TRUE,FALSE,Sunny,146,5.160144177
North,Loam,Barley,553.3970412,23.78988736,FALSE,FALSE,Sunny,79,3.163532054
East,Silt,Rice,681.7595919,15.2086061,TRUE,TRUE,Cloudy,82,6.386838044
East,Chalky,Barley,162.3086749,37.8135779,FALSE,TRUE,Sunny,124,2.927988324
West,Clay,Rice,623.4704496,36.73848224,TRUE,TRUE,Sunny,134,6.519633184
West,Sandy,Barley,317.2054032,24.74934773,TRUE,TRUE,Sunny,75,3.724724978
North,Chalky,Barley,796.0816521,25.09518918,TRUE,TRUE,Rainy,85,7.678912601
North,Clay,Rice,952.4925355,23.08741195,TRUE,FALSE,Rainy,122,6.515660318
East,Loam,Rice,521.1872077,32.95499185,FALSE,TRUE,Rainy,135,4.239357987
East,Peaty,Rice,877.4012461,28.03687443,FALSE,FALSE,Cloudy,99,4.613911943
North,Silt,Soybean,199.3819369,24.4053997,FALSE,FALSE,Rainy,77,2.094286585
South,Peaty,Soybean,276.8272071,17.9112429,TRUE,TRUE,Sunny,141,3.905884425
South,Silt,Barley,937.2900424,30.51805211,FALSE,TRUE,Sunny,134,6.213989656
West,Sandy,Wheat,516.6737564,22.21935548,FALSE,TRUE,Cloudy,113,3.93905989
North,Sandy,Rice,981.1911108,18.41855794,FALSE,TRUE,Rainy,92,6.341858611
North,Sandy,Cotton,486.1247495,15.5074892,TRUE,TRUE,Cloudy,91,6.207070286
West,Sandy,Wheat,458.9578967,33.85071388,FALSE,TRUE,Cloudy,143,4.014600529
East,Sandy,Barley,330.7949924,38.51166105,FALSE,TRUE,Sunny,135,3.286946161
East,Clay,Soybean,451.1234884,30.49661785,FALSE,TRUE,Sunny,102,4.594293721
South,Chalky,Cotton,496.9463417,25.56886503,FALSE,TRUE,Rainy,76,4.274884835
North,Silt,Rice,629.7710095,32.98805708,TRUE,TRUE,Sunny,146,6.786116466
East,Clay,Soybean,689.5190686,30.79909919,TRUE,FALSE,Sunny,118,5.616851344
South,Chalky,Cotton,368.3224602,37.77381373,FALSE,FALSE,Rainy,62,3.2839212
South,Clay,Wheat,648.6967692,29.54703876,TRUE,FALSE,Cloudy,61,6.130752067
South,Chalky,Wheat,159.5660203,24.97212378,TRUE,FALSE,Sunny,133,2.973079304
East,Clay,Barley,421.3925816,26.90353635,FALSE,FALSE,Sunny,81,2.789131242
East,Silt,Soybean,393.2817478,36.30417342,TRUE,FALSE,Rainy,116,4.043225677
North,Clay,Cotton,383.2988443,29.37767833,FALSE,FALSE,Cloudy,71,1.544252163
North,Clay,Soybean,226.8752639,34.66627907,TRUE,FALSE,Cloudy,72,3.849028023
South,Chalky,Barley,364.4892537,31.7588698,FALSE,TRUE,Rainy,131,3.874756257
South,Clay,Cotton,458.5995005,33.48144273,FALSE,TRUE,Rainy,61,4.460094241
East,Silt,Barley,551.5683722,22.65677759,TRUE,FALSE,Cloudy,113,5.278325942
East,Chalky,Soybean,185.5314631,32.14388839,FALSE,TRUE,Sunny,140,3.083340782
North,Peaty,Soybean,849.4992051,32.08102535,TRUE,TRUE,Rainy,124,7.578161962
North,Silt,Soybean,671.7994393,34.64317897,FALSE,FALSE,Rainy,126,3.739257744
West,Chalky,Maize,503.2223476,37.97029655,FALSE,FALSE,Sunny,67,2.815162237
North,Loam,Soybean,882.2137787,29.65297521,FALSE,TRUE,Sunny,117,5.705669173
East,Sandy,Rice,376.7664661,15.70976421,TRUE,TRUE,Sunny,77,5.150459039
South,Peaty,Maize,437.5996379,33.72773003,TRUE,TRUE,Sunny,109,5.652441086
West,Clay,Rice,235.6183833,25.04092078,TRUE,TRUE,Rainy,136,4.733027563
North,Peaty,Cotton,778.3133471,20.63580472,TRUE,TRUE,Cloudy,86,7.117036256
North,Silt,Barley,895.1636703,22.2662422,FALSE,FALSE,Cloudy,103,5.485161152
East,Silt,Wheat,316.3031395,30.21531453,TRUE,FALSE,Cloudy,88,3.3249334
West,Chalky,Soybean,943.3883133,35.56962782,FALSE,FALSE,Rainy,140,5.838040337
North,Chalky,Rice,403.5427828,27.28258926,FALSE,FALSE,Rainy,131,2.174064712
South,Loam,Soybean,244.2671528,38.7159219,FALSE,TRUE,Rainy,123,3.907270786
East,Silt,Maize,757.5859821,34.10702587,TRUE,TRUE,Cloudy,147,7.140072116
West,Chalky,Rice,926.679087,29.08933991,FALSE,FALSE,Cloudy,130,4.822715326
North,Loam,Cotton,277.1723848,15.0343662,FALSE,TRUE,Rainy,69,3.547083242
North,Silt,Cotton,255.8136478,35.07654505,TRUE,FALSE,Rainy,139,3.814216154
West,Clay,Cotton,483.1190383,21.88978592,TRUE,TRUE,Sunny,114,6.017049994
East,Sandy,Cotton,970.6082169,26.81797538,FALSE,TRUE,Rainy,123,6.24129105
West,Sandy,Wheat,643.7405072,27.66318656,TRUE,TRUE,Rainy,99,6.554635348
West,Peaty,Wheat,225.3585555,19.56228334,TRUE,TRUE,Sunny,88,4.024300677
East,Silt,Barley,748.7781125,15.29042752,FALSE,TRUE,Rainy,115,4.843442704
North,Peaty,Wheat,823.5782924,30.58358667,FALSE,TRUE,Cloudy,136,5.660103504
South,Sandy,Cotton,382.353526,31.15306703,FALSE,TRUE,Sunny,72,3.553741145
East,Chalky,Cotton,855.5185793,30.42676376,TRUE,FALSE,Sunny,86,7.036937657
South,Silt,Wheat,573.6861089,19.72308776,FALSE,TRUE,Rainy,141,5.33440463
North,Silt,Barley,169.2560511,36.42721823,FALSE,FALSE,Cloudy,100,1.379792455
West,Clay,Soybean,434.6546554,35.18784745,FALSE,FALSE,Rainy,134,3.062374167
South,Clay,Soybean,313.7973071,34.33616291,TRUE,FALSE,Sunny,101,4.486535336
North,Silt,Wheat,395.4968798,35.84480266,FALSE,TRUE,Sunny,143,3.987359507
North,Peaty,Cotton,205.7487368,29.76658872,TRUE,TRUE,Cloudy,66,4.315417951
West,Loam,Wheat,339.8228329,35.77910354,TRUE,TRUE,Rainy,75,4.804230131
West,Loam,Barley,131.6302514,17.80421898,FALSE,FALSE,Rainy,104,0.21440692
North,Peaty,Maize,873.6016809,28.81525779,FALSE,TRUE,Sunny,93,6.770565206
North,Peaty,Wheat,657.4681461,15.81943019,TRUE,TRUE,Sunny,101,7.059369448
South,Peaty,Barley,729.3809653,19.65098476,FALSE,TRUE,Cloudy,79,5.078120545
North,Loam,Cotton,505.8974021,33.18794477,TRUE,FALSE,Sunny,68,3.960824166
North,Clay,Wheat,337.8052836,37.10602535,TRUE,TRUE,Sunny,90,5.100335692
South,Sandy,Rice,173.7761306,31.53011218,FALSE,FALSE,Rainy,86,1.20678006
East,Sandy,Maize,711.0978531,37.61244642,TRUE,FALSE,Rainy,106,4.756412773
South,Peaty,Soybean,161.1124029,38.38398939,FALSE,FALSE,Rainy,143,1.308569032
South,Silt,Soybean,275.1986704,15.66036134,TRUE,FALSE,Cloudy,82,3.231852368
West,Clay,Wheat,115.9868089,32.81937378,TRUE,TRUE,Rainy,140,4.15764982
South,Peaty,Wheat,121.1659018,30.22056595,FALSE,TRUE,Cloudy,104,2.363279006
North,Silt,Maize,850.7830265,21.33183509,TRUE,FALSE,Sunny,71,5.41712593
North,Clay,Wheat,247.9904743,35.38520625,FALSE,TRUE,Rainy,137,3.231449554
North,Clay,Rice,692.6830182,30.4295928,TRUE,FALSE,Sunny,123,5.565402897
East,Chalky,Maize,348.7276923,22.55525505,TRUE,FALSE,Rainy,112,3.493656518
North,Sandy,Soybean,735.9318946,31.86768975,FALSE,FALSE,Sunny,141,3.654695021
East,Sandy,Barley,526.4331074,33.82955637,FALSE,TRUE,Cloudy,102,3.702375858
North,Loam,Cotton,747.68276,33.38941591,TRUE,TRUE,Cloudy,100,7.325787087
South,Clay,Wheat,420.3750824,35.3325148,TRUE,TRUE,Cloudy,146,5.987424588
West,Silt,Barley,120.9181093,15.57511325,TRUE,FALSE,Cloudy,106,2.89788436
North,Peaty,Barley,168.1154628,19.2192871,FALSE,TRUE,Rainy,75,2.704422373
East,Clay,Rice,820.910217,30.75516591,TRUE,FALSE,Cloudy,112,6.126905102
East,Sandy,Barley,901.8445785,26.03694484,FALSE,FALSE,Cloudy,78,5.063934689
West,Clay,Cotton,848.894533,39.67423293,TRUE,FALSE,Sunny,131,5.996683152
North,Peaty,Cotton,148.1666972,23.14116851,FALSE,TRUE,Cloudy,112,2.254391458
South,Clay,Rice,666.1876958,27.92667024,TRUE,FALSE,Sunny,102,5.511592938
North,Sandy,Maize,689.0857051,30.74555254,TRUE,TRUE,Rainy,65,6.733771119
North,Loam,Wheat,629.0882048,36.3532543,FALSE,TRUE,Sunny,126,4.950589092
West,Peaty,Rice,146.0455763,23.93576446,TRUE,TRUE,Sunny,111,4.995092216
North,Sandy,Wheat,965.9336565,26.10869201,FALSE,TRUE,Cloudy,116,7.064185076
South,Clay,Barley,178.1712791,23.67093029,FALSE,FALSE,Cloudy,111,0.961113035
East,Clay,Cotton,665.708971,34.25403379,FALSE,TRUE,Cloudy,88,6.507786041
West,Clay,Maize,741.0416657,31.00689614,FALSE,FALSE,Sunny,131,5.74636901
South,Chalky,Rice,300.7984079,29.14351667,TRUE,TRUE,Rainy,60,4.287590248
East,Loam,Cotton,440.6728805,35.71588892,FALSE,TRUE,Rainy,98,3.761176846
West,Peaty,Cotton,142.1604359,21.20476812,TRUE,FALSE,Cloudy,132,2.789033168
West,Clay,Barley,233.2879846,32.41502969,FALSE,FALSE,Rainy,149,1.461034917
East,Sandy,Cotton,827.8830576,17.79061668,FALSE,TRUE,Cloudy,139,5.372642306
East,Chalky,Soybean,703.8420794,27.96986135,TRUE,TRUE,Cloudy,97,8.200099228
South,Clay,Maize,932.5443946,17.56219142,FALSE,TRUE,Sunny,101,6.237842661
North,Loam,Rice,801.640346,18.99065226,FALSE,TRUE,Sunny,147,6.304859889
North,Loam,Rice,129.1938117,27.12981961,FALSE,FALSE,Sunny,123,1.065855423
North,Loam,Wheat,905.203025,32.8210149,TRUE,FALSE,Rainy,105,7.067913262
North,Peaty,Barley,234.6561678,29.74045807,FALSE,TRUE,Rainy,139,2.667486917
North,Loam,Wheat,743.5126756,28.81321662,FALSE,FALSE,Sunny,105,4.046361943
South,Clay,Rice,366.9554212,36.69713247,FALSE,TRUE,Rainy,73,3.197286946
West,Chalky,Rice,309.4499165,26.12467323,TRUE,TRUE,Sunny,110,5.709601222
South,Sandy,Wheat,599.9133448,20.16388874,FALSE,TRUE,Cloudy,98,4.53439812
South,Chalky,Cotton,999.1879097,19.24034393,FALSE,FALSE,Rainy,78,5.076787908
South,Peaty,Cotton,357.5281865,30.90577867,TRUE,TRUE,Sunny,131,5.415842687
West,Loam,Cotton,259.2963568,23.31401673,FALSE,FALSE,Sunny,118,0.849949915
South,Sandy,Barley,592.2111296,35.40688202,TRUE,FALSE,Cloudy,72,4.74439293
South,Loam,Cotton,528.5809455,37.64597737,FALSE,FALSE,Rainy,78,3.997215347
West,Silt,Rice,316.2535401,37.19239949,TRUE,FALSE,Rainy,90,4.307427977
South,Sandy,Cotton,834.4855685,24.40228773,FALSE,TRUE,Cloudy,96,5.140371731
North,Loam,Maize,592.0835204,26.19401581,TRUE,TRUE,Rainy,142,6.026426835
East,Chalky,Barley,630.5132559,25.51927591,TRUE,TRUE,Sunny,144,5.916921897
South,Clay,Maize,572.6858932,36.77048451,TRUE,TRUE,Cloudy,136,6.404177723
East,Clay,Rice,844.8299918,36.34372108,FALSE,FALSE,Sunny,109,5.259565746
South,Loam,Wheat,888.7950762,25.22822705,TRUE,FALSE,Rainy,61,7.386733506
South,Sandy,Soybean,525.787625,33.63002819,TRUE,TRUE,Rainy,93,6.112881368
North,Sandy,Cotton,549.0058743,27.72186863,TRUE,TRUE,Sunny,96,4.771596324
West,Clay,Maize,739.457863,16.52505494,TRUE,FALSE,Cloudy,124,5.999159347
East,Sandy,Cotton,648.7244111,28.50166989,FALSE,FALSE,Rainy,135,3.978395788
West,Peaty,Maize,508.9661623,35.36575549,TRUE,TRUE,Rainy,77,6.525131978
North,Chalky,Soybean,150.0095855,34.75889741,TRUE,FALSE,Cloudy,123,2.94808139
North,Loam,Maize,109.8972289,20.43576687,FALSE,FALSE,Rainy,119,1.355607971
East,Silt,Barley,773.3103298,25.74860472,TRUE,TRUE,Cloudy,108,8.008172015
West,Loam,Maize,142.4325171,27.44249731,TRUE,TRUE,Sunny,82,4.608124791
North,Peaty,Cotton,204.3674619,17.66146241,FALSE,FALSE,Rainy,114,1.803978484
South,Sandy,Wheat,549.2221878,17.90872013,FALSE,FALSE,Cloudy,75,3.185209293
South,Clay,Wheat,877.4693754,39.6861047,TRUE,FALSE,Rainy,137,5.940015235
South,Peaty,Barley,903.6754912,36.23042191,FALSE,FALSE,Rainy,106,5.320710869
West,Silt,Barley,433.1787952,34.75176131,FALSE,TRUE,Cloudy,127,3.509751838
South,Chalky,Barley,193.5378428,15.48363246,TRUE,FALSE,Rainy,98,2.367770428
South,Silt,Barley,937.4808155,39.93520425,FALSE,FALSE,Cloudy,145,6.168654478
North,Loam,Soybean,838.1163753,22.70176366,TRUE,TRUE,Cloudy,121,7.749779603
North,Silt,Wheat,343.7993468,37.73192182,FALSE,FALSE,Cloudy,137,1.50205351
South,Sandy,Cotton,199.9681292,25.7288115,FALSE,TRUE,Sunny,60,3.050631265
South,Sandy,Rice,859.0496651,29.90265826,TRUE,FALSE,Rainy,104,6.395457381
North,Clay,Cotton,993.2710071,22.25703951,FALSE,FALSE,Rainy,91,5.262737827
East,Clay,Barley,741.8325984,26.41700147,FALSE,FALSE,Cloudy,84,4.216129536
West,Sandy,Maize,655.7206152,23.60937097,FALSE,TRUE,Sunny,135,4.149479366
West,Sandy,Maize,159.2630045,23.72554539,TRUE,FALSE,Sunny,148,1.947813375
North,Silt,Wheat,888.6684357,24.41144592,TRUE,TRUE,Sunny,66,7.833051935
West,Clay,Wheat,878.9646246,30.7710597,FALSE,TRUE,Sunny,148,6.97427179
North,Silt,Barley,986.5418792,24.68156386,TRUE,FALSE,Sunny,77,6.849865261
North,Peaty,Maize,300.0424375,39.77393361,FALSE,FALSE,Rainy,108,3.120682492
North,Sandy,Soybean,273.5779162,32.09481672,FALSE,TRUE,Cloudy,60,3.326533743
North,Sandy,Barley,519.3070377,23.70710619,TRUE,FALSE,Cloudy,106,4.81574349
East,Clay,Barley,505.118079,25.13764424,TRUE,FALSE,Cloudy,130,4.295461597
South,Sandy,Cotton,603.7836946,17.89189693,FALSE,FALSE,Rainy,69,3.441205037
